{"cameraMode":{"drawMode":0,"name":"Shaded","section":"Shading Mode"},"sceneLighting":false,"audioPlay":false,"sceneViewState":{"m_AlwaysRefresh":false,"showFog":true,"showSkybox":true,"showFlares":true,"showImageEffects":true,"showParticleSystems":true,"showVisualEffectGraphs":true,"m_FxEnabled":true},"in2DMode":false,"pivot":{"x":0.26420021057128909,"y":11.28571891784668,"z":10.240379333496094},"rotation":{"x":0.1147545576095581,"y":0.09135904163122177,"z":-0.010599120520055294,"w":0.9891276359558106},"size":4.332444667816162,"orthographic":false}