{"cameraMode":{"drawMode":0,"name":"Shaded","section":"Shading Mode"},"sceneLighting":false,"audioPlay":false,"sceneViewState":{"m_AlwaysRefresh":false,"showFog":true,"showSkybox":true,"showFlares":true,"showImageEffects":true,"showParticleSystems":true,"showVisualEffectGraphs":true,"m_FxEnabled":true},"in2DMode":false,"pivot":{"x":1.9583468437194825,"y":4.627900123596191,"z":-2.374077081680298},"rotation":{"x":0.10322459787130356,"y":0.17216984927654267,"z":-0.01814456656575203,"w":0.9794763326644898},"size":1.9984588623046876,"orthographic":false}