{"cameraMode":{"drawMode":0,"name":"Shaded","section":"Shading Mode"},"sceneLighting":true,"audioPlay":false,"sceneViewState":{"m_AlwaysRefresh":false,"showFog":true,"showSkybox":true,"showFlares":true,"showImageEffects":true,"showParticleSystems":true,"showVisualEffectGraphs":true,"m_FxEnabled":true},"in2DMode":false,"pivot":{"x":3.380199909210205,"y":3.4995031356811525,"z":12.375262260437012},"rotation":{"x":-0.08922947943210602,"y":0.9033988118171692,"z":-0.22971364855766297,"w":-0.3509152829647064},"size":340.6861572265625,"orthographic":true}