{"cameraMode":{"drawMode":0,"name":"Shaded","section":"Shading Mode"},"sceneLighting":true,"audioPlay":false,"sceneViewState":{"m_AlwaysRefresh":false,"showFog":true,"showSkybox":true,"showFlares":true,"showImageEffects":true,"showParticleSystems":true,"showVisualEffectGraphs":true,"m_FxEnabled":true},"in2DMode":false,"pivot":{"x":103.38020324707031,"y":-38.50049591064453,"z":12.375262260437012},"rotation":{"x":-0.11896757781505585,"y":0.18970413506031037,"z":-0.02316347323358059,"w":-0.9743334054946899},"size":196.69671630859376,"orthographic":true}