{"cameraMode":{"drawMode":0,"name":"Shaded","section":"Shading Mode"},"sceneLighting":false,"audioPlay":false,"sceneViewState":{"m_AlwaysRefresh":false,"showFog":true,"showSkybox":false,"showFlares":true,"showImageEffects":true,"showParticleSystems":true,"showVisualEffectGraphs":true,"m_FxEnabled":true},"in2DMode":false,"pivot":{"x":0.31231528520584109,"y":0.9300028085708618,"z":0.0401301383972168},"rotation":{"x":0.2805837094783783,"y":-0.06127879023551941,"z":0.017953142523765565,"w":0.957703173160553},"size":3.6854569911956789,"orthographic":false}