{"cameraMode":{"drawMode":0,"name":"Shaded","section":"Shading Mode"},"sceneLighting":false,"audioPlay":false,"sceneViewState":{"m_AlwaysRefresh":false,"showFog":true,"showSkybox":false,"showFlares":true,"showImageEffects":true,"showParticleSystems":true,"showVisualEffectGraphs":true,"m_FxEnabled":true},"in2DMode":false,"pivot":{"x":56.58049392700195,"y":0.9399999380111694,"z":17.751752853393556},"rotation":{"x":0.14281558990478517,"y":-0.47337663173675539,"z":0.07809428125619888,"w":0.8656906485557556},"size":0.9949869513511658,"orthographic":true}